detected_at,published_at,source,title,severity,severity_score,primary_event,matched_keywords,bullish_sectors,bearish_sectors,bullish_tickers,bearish_tickers,article_tickers,url
2026-05-24T09:42:21.371Z,2026-05-22T20:15:00.000Z,Federal Reserve - Press Releases,"Kevin Warsh takes oath of office as chairman and a member of the Board of Governors of the Federal Reserve System, and the Federal Open Market Committee unanimously selects Warsh as its chairman",none,0,,,,,,,,https://www.federalreserve.gov/newsevents/pressreleases/other20260522a.htm
2026-05-24T09:42:21.394Z,2026-05-22T20:00:00.000Z,Federal Reserve - Press Releases,Agencies publish resolution plan feedback letters for certain domestic and foreign banking organizations,none,0,,,,,,,,https://www.federalreserve.gov/newsevents/pressreleases/bcreg20260522a.htm
2026-05-24T09:42:21.419Z,2026-05-21T15:00:00.000Z,Federal Reserve - Press Releases,Federal Reserve Board issues enforcement action with former employee of Commerce Bank,none,0,,,,,,,,https://www.federalreserve.gov/newsevents/pressreleases/enforcement20260521a.htm
2026-05-24T09:42:21.419Z,2026-05-20T20:00:00.000Z,Federal Reserve - Press Releases,"Federal Reserve Board requests public comment on a proposal to establish a ""payment account,"" which legally eligible financial institutions could use for the specific purpose of clearing and settling their payments",none,0,,,,,,,,https://www.federalreserve.gov/newsevents/pressreleases/other20260520a.htm
2026-05-24T09:42:21.420Z,2026-05-20T18:00:00.000Z,Federal Reserve - Press Releases,"Minutes of the Federal Open Market Committee, April 28-29, 2026",none,0,,,,,,,,https://www.federalreserve.gov/newsevents/pressreleases/monetary20260520a.htm
2026-05-24T09:42:21.421Z,2026-05-15T21:00:00.000Z,Federal Reserve - Press Releases,Federal Reserve Board names Jerome H. Powell as chair pro tempore; Powell will serve as chair pro tempore until Kevin M. Warsh is sworn in as the new chair,none,0,,,,,,,,https://www.federalreserve.gov/newsevents/pressreleases/other20260515a.htm
2026-05-24T09:42:21.423Z,2026-05-15T20:30:00.000Z,Federal Reserve - Press Releases, Federal Reserve Board announces approval of application by the Stephen M. Calk 2025 Trust,none,0,,,,,,,,https://www.federalreserve.gov/newsevents/pressreleases/orders20260515a.htm
2026-05-24T09:42:21.426Z,2026-05-15T20:30:00.000Z,Federal Reserve - Press Releases,"Federal Reserve Board announces it does not object to the conversion of United Texas Bank, of Dallas, Texas, from a bank supervised by the Federal Reserve to a national bank supervised by the Office of the Comptroller of the Currency",none,0,,,,,,,,https://www.federalreserve.gov/newsevents/pressreleases/orders20260515b.htm
2026-05-24T09:42:21.427Z,2026-05-15T15:00:00.000Z,Federal Reserve - Press Releases,"Federal Reserve Board announces termination of enforcement actions with UBS Group AG, Credit Suisse AG, Credit Suisse Holdings (USA), Inc., and Credit Suisse AG, New York Branch",none,0,,,,,,,USA,https://www.federalreserve.gov/newsevents/pressreleases/enforcement20260515a.htm
2026-05-24T09:42:21.428Z,2026-05-14T18:00:00.000Z,Federal Reserve - Press Releases,"Stephen I. Miran submits his resignation as a member of the Federal Reserve Board, effective when or shortly before his successor on the Board is sworn in",none,0,,,,,,,,https://www.federalreserve.gov/newsevents/pressreleases/other20260514b.htm
2026-05-24T09:42:21.428Z,2026-05-14T14:00:00.000Z,Federal Reserve - Press Releases,Federal Reserve Board releases results from two surveys of senior financial officers at banks about their views on discount window operating days and their strategies and practices for managing reserve balances,none,0,,,,,,,,https://www.federalreserve.gov/newsevents/pressreleases/other20260514a.htm
2026-05-24T09:42:21.429Z,2026-05-13T15:30:00.000Z,Federal Reserve - Press Releases,Federal Reserve Board issues Economic Well-Being of U.S. Households in 2025 report,none,0,,,,,,,,https://www.federalreserve.gov/newsevents/pressreleases/other20260513a.htm
2026-05-24T09:42:21.429Z,2026-05-12T15:00:00.000Z,Federal Reserve - Press Releases,"Federal Reserve Board announces termination of enforcement actions with F & M Holding Company, Inc. and Thread Bancorp, Inc.",none,0,,,,,,,,https://www.federalreserve.gov/newsevents/pressreleases/enforcement20260512a.htm
2026-05-24T09:42:21.429Z,2026-05-08T21:00:00.000Z,Federal Reserve - Press Releases,"Federal Reserve Board announces approval of related applications by Columbia Bank MHC, and Columbia Financial, Inc.",none,0,,,,,,,,https://www.federalreserve.gov/newsevents/pressreleases/orders20260508a.htm
2026-05-24T09:42:21.430Z,2026-05-01T15:00:00.000Z,Federal Reserve - Press Releases,Agencies issue host state loan-to-deposit ratios,none,0,,,,,,,,https://www.federalreserve.gov/newsevents/pressreleases/bcreg20260501a.htm
2026-05-24T09:42:21.430Z,2026-04-29T18:00:00.000Z,Federal Reserve - Press Releases,Federal Reserve issues FOMC statement,none,0,,,,,,,,https://www.federalreserve.gov/newsevents/pressreleases/monetary20260429a.htm
2026-05-24T09:42:21.430Z,2026-04-24T20:00:00.000Z,Federal Reserve - Press Releases,Federal Reserve Board announces approval of application by OceanFirst Financial Corp.,none,0,,,,,,,,https://www.federalreserve.gov/newsevents/pressreleases/orders20260424a.htm
2026-05-24T09:42:21.430Z,2026-04-24T20:00:00.000Z,Federal Reserve - Press Releases,Federal Reserve Board announces approval of application by Banco de Credito del Peru,none,0,,,,,,,,https://www.federalreserve.gov/newsevents/pressreleases/orders20260424b.htm
2026-05-24T09:42:21.430Z,2026-04-23T19:30:00.000Z,Federal Reserve - Press Releases,Agencies finalize changes to enhance community bank leverage ratio,none,0,,,,,,,,https://www.federalreserve.gov/newsevents/pressreleases/bcreg20260423a.htm
2026-05-24T09:42:21.433Z,2026-04-22T15:00:00.000Z,Federal Reserve - Press Releases,Federal Reserve Board issues enforcement action with former employee of First Financial Bank,none,0,,,,,,,,https://www.federalreserve.gov/newsevents/pressreleases/enforcement20260422a.htm
2026-05-24T09:42:21.434Z,2026-05-24T01:02:55.000Z,BBC - Business,'Six eggs used to be £1' - why everyday essentials cost so much more now,none,0,,,,,,,,https://www.bbc.com/news/articles/cd6pw4zg5p9o?at_medium=RSS&at_campaign=rss
2026-05-24T09:42:21.434Z,2026-05-23T12:00:31.000Z,BBC - Business,"'Shameful' more spent on benefits than jobs for young people, says Milburn",none,0,,,,,,,,https://www.bbc.com/news/articles/crrpx4p1z71o?at_medium=RSS&at_campaign=rss
2026-05-24T09:42:21.434Z,2026-05-22T10:56:32.000Z,BBC - Business,"Stop blaming young people for being unemployed, says Amazon's UK boss",none,0,,,,,,,,https://www.bbc.com/news/articles/c0l2x5351n4o?at_medium=RSS&at_campaign=rss
2026-05-24T09:42:21.435Z,2026-05-22T18:55:10.000Z,BBC - Business,Bank boss sorry after describing workers as 'lower value human capital',none,0,,,,,,,,https://www.bbc.com/news/articles/c98rqld1j3yo?at_medium=RSS&at_campaign=rss
2026-05-24T09:42:21.436Z,2026-05-22T21:30:06.000Z,BBC - Business,AI may speed up search for drugs to treat brain conditions,none,0,,,,,,,,https://www.bbc.com/news/articles/cdrp3zzzp71o?at_medium=RSS&at_campaign=rss
2026-05-24T09:42:21.437Z,2026-05-21T23:14:18.000Z,BBC - Business,Love factually: Dating start-ups promise to cut the cheats,none,0,,,,,,,,https://www.bbc.com/news/articles/cnvpme6811do?at_medium=RSS&at_campaign=rss
2026-05-24T09:42:21.437Z,2026-05-22T18:16:58.000Z,BBC - Business,Trump wants new Fed chair to be 'totally independent',none,0,,,,,,,,https://www.bbc.com/news/articles/cvgz311dq3ko?at_medium=RSS&at_campaign=rss
2026-05-24T09:42:21.438Z,2026-05-22T12:28:35.000Z,BBC - Business,Morrisons planning to close 100 stores in next few months,none,0,,,,,,,,https://www.bbc.com/news/articles/c3623ny298xo?at_medium=RSS&at_campaign=rss
2026-05-24T09:42:21.438Z,2026-05-22T21:32:17.000Z,BBC - Business,UK sees hottest day of year as bank holiday travellers face queues,none,0,,,,,,,,https://www.bbc.com/news/articles/cpqpygjwywjo?at_medium=RSS&at_campaign=rss
2026-05-24T09:42:21.439Z,2026-05-22T10:45:38.000Z,BBC - Business,Why thousands of stock trades tied to Trump are raising eyebrows,none,0,,,,,,,,https://www.bbc.com/news/videos/cd6pzg7z319o?at_medium=RSS&at_campaign=rss
2026-05-24T09:42:21.439Z,2026-05-21T23:09:43.000Z,BBC - Business,'The vibes are young male vibes': Why prediction markets attract a certain type,none,0,,,,,,,,https://www.bbc.com/news/articles/c93xv27kpwxo?at_medium=RSS&at_campaign=rss
2026-05-24T09:42:21.439Z,2026-05-22T14:07:45.000Z,BBC - Business,Borrowing in April hit highest level since Covid,none,0,,,,,,,,https://www.bbc.com/news/articles/ce9py7nx8j4o?at_medium=RSS&at_campaign=rss
2026-05-24T09:42:21.440Z,2026-05-22T02:57:12.000Z,BBC - Business,Musk's SpaceX postpones Starship launch as mega share sale looms,none,0,,,,,,,,https://www.bbc.com/news/articles/cy42w782ejvo?at_medium=RSS&at_campaign=rss
2026-05-24T09:42:21.440Z,2026-05-21T23:07:54.000Z,BBC - Business,UK police bosses say unsafe social media platforms should be blocked for under-16s,none,0,,,,,,,,https://www.bbc.com/news/articles/c4gv0qg2levo?at_medium=RSS&at_campaign=rss
2026-05-24T09:42:21.442Z,2026-05-21T23:05:38.000Z,BBC - Business,Police to score train firms on tackling sexual harassment,none,0,,,,,,,,https://www.bbc.com/news/articles/cg4pew075xpo?at_medium=RSS&at_campaign=rss
2026-05-24T09:42:21.442Z,2026-05-21T20:34:59.000Z,BBC - Business,Meta settles social media addiction case with US school district,none,0,,,,,,,,https://www.bbc.com/news/articles/cgepze483pqo?at_medium=RSS&at_campaign=rss
2026-05-24T09:42:21.443Z,2026-05-21T18:29:30.000Z,BBC - Business,Cheaper theme park tickets and children's meals as VAT to be cut for some attractions this summer,none,0,,,,,,,,https://www.bbc.com/news/articles/cd7pzr88de1o?at_medium=RSS&at_campaign=rss
2026-05-24T09:42:21.444Z,2026-05-21T12:11:05.000Z,BBC - Business,Chris Mason: VAT cut on summer fun - the announcement that didn't leak,none,0,,,,,,,,https://www.bbc.com/news/articles/c4g9r92n3eqo?at_medium=RSS&at_campaign=rss
2026-05-24T09:42:21.444Z,2026-05-21T11:03:00.000Z,BBC - Business,EasyJet boss says summer flights won't be hit by jet fuel shortages,medium,0.65,Armed Conflict / War,war,defense|energy_oil|precious_metals|cybersecurity,airlines|leisure_travel|consumer_discretionary,LMT|RTX|NOC|XOM|CVX|GLD|PANW,DAL|UAL|BKNG|CCL,,https://www.bbc.com/news/articles/ckgplpd7px4o?at_medium=RSS&at_campaign=rss
2026-05-24T09:42:21.445Z,2026-05-21T19:30:10.000Z,BBC - Business,Government pledges £120m to support ceramics firms,none,0,,,,,,,,https://www.bbc.com/news/articles/cq6pv930r5go?at_medium=RSS&at_campaign=rss
2026-05-24T09:42:21.446Z,2026-05-21T18:08:17.000Z,BBC - Business,Walmart warns US shoppers are cutting spending as higher petrol prices bite,none,0,,,,,,,,https://www.bbc.com/news/articles/cj9prkzwr8vo?at_medium=RSS&at_campaign=rss
2026-05-24T09:42:21.447Z,2026-05-21T11:05:18.000Z,BBC - Business,Nvidia's latest record earnings fail to impress investors,none,0,,,,,,,,https://www.bbc.com/news/articles/c759x9pq3dpo?at_medium=RSS&at_campaign=rss
2026-05-24T09:42:21.447Z,2026-05-21T08:19:59.000Z,BBC - Business,UK agrees £3.7bn trade deal with six Gulf states,medium,0.69,Tariffs / Trade Policy,tariffs|trade deal,domestic_manufacturing|agriculture,multinational_tech|retail_imports|semiconductors,CAT|DE|X,AAPL|WMT|SOXX,,https://www.bbc.com/news/articles/c4g85dryv24o?at_medium=RSS&at_campaign=rss
2026-05-24T09:42:21.448Z,2026-05-21T06:00:32.000Z,BBC - Business,SpaceX files for stock market debut that could make Elon Musk a trillionaire,none,0,,,,,,,,https://www.bbc.com/news/articles/cg4pe2953q1o?at_medium=RSS&at_campaign=rss
2026-05-24T09:42:21.448Z,2026-05-21T06:01:54.000Z,BBC - Business,Samsung strike on hold as workers push for AI bonus,none,0,,,,,,,,https://www.bbc.com/news/articles/c4g04qkqlk2o?at_medium=RSS&at_campaign=rss
2026-05-24T09:42:21.448Z,2026-05-21T07:10:42.000Z,BBC - Business,"TikTok and YouTube 'not safe enough' for kids, says Ofcom",none,0,,,,,,,,https://www.bbc.com/news/articles/cn0pky4zpxxo?at_medium=RSS&at_campaign=rss
2026-05-24T09:42:21.449Z,2026-05-21T11:42:29.000Z,BBC - Business,Wes Streeting pledges 'wealth tax that works',none,0,,,,,,,,https://www.bbc.com/news/articles/cm2pxz7de41o?at_medium=RSS&at_campaign=rss
2026-05-24T09:42:21.450Z,2026-05-20T23:19:14.000Z,BBC - Business,The fight against foreign developers buying Caribbean beaches,none,0,,,,,,,,https://www.bbc.com/news/articles/c62jp09p0l4o?at_medium=RSS&at_campaign=rss
2026-05-24T09:42:21.451Z,2026-05-18T23:04:14.000Z,BBC - Business,Robo-top: The machines that could make your next t-shirt,none,0,,,,,,,,https://www.bbc.com/news/articles/c0q2gkj97eko?at_medium=RSS&at_campaign=rss
2026-05-24T09:42:21.452Z,2026-05-18T07:25:14.000Z,BBC - Business,Why does Amazon have no Western rivals?,none,0,,,,,,,,https://www.bbc.com/news/articles/cg7p5nr307mo?at_medium=RSS&at_campaign=rss
2026-05-24T09:42:21.452Z,2026-05-18T05:18:57.000Z,BBC - Business,Rise in solar panel sales as people 'want to save money',none,0,,,,,,,,https://www.bbc.com/news/articles/cjrp19v9vl2o?at_medium=RSS&at_campaign=rss
2026-05-24T09:42:21.453Z,2026-05-14T23:03:16.000Z,BBC - Business,Inside the secretive and lucrative world of orchid breeding,none,0,,,,,,,,https://www.bbc.com/news/articles/cly039rr2mgo?at_medium=RSS&at_campaign=rss
2026-05-24T09:42:21.453Z,2026-05-13T05:01:07.000Z,BBC - Business,Smart glasses are 'an invasion of privacy' - Meta's are selling better than ever,medium,0.65,Armed Conflict / War,invasion,defense|energy_oil|precious_metals|cybersecurity,airlines|leisure_travel|consumer_discretionary,LMT|RTX|NOC|XOM|CVX|GLD|PANW,DAL|UAL|BKNG|CCL,,https://www.bbc.com/news/articles/cj37z8357e5o?at_medium=RSS&at_campaign=rss
2026-05-24T09:42:21.453Z,2026-05-13T23:08:37.000Z,BBC - Business,Big tech bets on new mascots in bid to seem more cuddly,none,0,,,,,,,,https://www.bbc.com/news/articles/c99l1zzp8xzo?at_medium=RSS&at_campaign=rss
2026-05-24T09:42:21.454Z,2026-05-11T23:23:48.000Z,BBC - Business,Not so dusty: How tech is changing woodworking,none,0,,,,,,,,https://www.bbc.com/news/articles/c747n11933eo?at_medium=RSS&at_campaign=rss
2026-05-24T09:42:21.454Z,2026-05-10T23:34:59.000Z,BBC - Business,Cyber-crime increasingly coming with threats of physical violence,none,0,,,,,,,,https://www.bbc.com/news/articles/cr71d8vyjv0o?at_medium=RSS&at_campaign=rss
2026-05-24T09:42:21.454Z,2026-05-09T06:13:11.000Z,BBC - Business,How Sir David Attenborough built 'Green Hollywood',none,0,,,,,,,,https://www.bbc.com/news/articles/cg4pkqv1lewo?at_medium=RSS&at_campaign=rss
2026-05-24T09:42:21.454Z,2026-05-09T08:28:23.000Z,BBC - Business,How sunburn inspired a new way to store energy,none,0,,,,,,,,https://www.bbc.com/news/articles/c62l9gnx775o?at_medium=RSS&at_campaign=rss
2026-05-24T09:42:21.454Z,2026-05-06T23:06:17.000Z,BBC - Business,Gulf economies face long-term hit from Iran conflict,none,0,,,,,,,,https://www.bbc.com/news/articles/c0k257g8jk5o?at_medium=RSS&at_campaign=rss
2026-05-24T09:42:21.455Z,2026-05-04T23:43:28.000Z,BBC - Business,Robots move in as waste firms struggle to find staff,none,0,,,,,,,,https://www.bbc.com/news/articles/cvg0w84q1wyo?at_medium=RSS&at_campaign=rss
2026-05-24T09:42:21.455Z,2026-04-30T23:11:37.000Z,BBC - Business,Will AI lead to more accurate opinion polls?,none,0,,,,,,,,https://www.bbc.com/news/articles/cwyw6rylzepo?at_medium=RSS&at_campaign=rss
2026-05-24T09:42:21.456Z,2026-05-24T06:06:23.000Z,BBC - Business,City's living costs drive workers to food banks ,none,0,,,,,,,,https://www.bbc.com/news/articles/cj4pzwg2ddlo?at_medium=RSS&at_campaign=rss
2026-05-24T09:42:21.456Z,2026-05-24T01:02:55.000Z,BBC - Business,'Six eggs used to be £1' - why everyday essentials cost so much more now,none,0,,,,,,,,https://www.bbc.com/news/articles/cd6pw4zg5p9o?at_medium=RSS&at_campaign=rss
2026-05-24T09:42:21.457Z,2026-05-23T10:32:53.000Z,BBC - Business,Temperatures are rising - and so are ice cream prices,none,0,,,,,,,,https://www.bbc.com/news/articles/c1e296324z8o?at_medium=RSS&at_campaign=rss
2026-05-24T09:42:21.458Z,2026-05-22T10:20:07.000Z,BBC - Business,Could your weekly food shop get cheaper?,none,0,,,,,,,,https://www.bbc.com/news/videos/c775evre51go?at_medium=RSS&at_campaign=rss
2026-05-24T09:42:21.459Z,2026-05-21T18:29:30.000Z,BBC - Business,Cheaper theme park tickets and children's meals as VAT to be cut for some attractions this summer,none,0,,,,,,,,https://www.bbc.com/news/articles/cd7pzr88de1o?at_medium=RSS&at_campaign=rss
2026-05-24T09:42:21.463Z,2026-05-03T23:03:41.000Z,BBC - Business,The threat to summer holidays looming from jet fuel shortages,none,0,,,,,,,,https://www.bbc.com/news/articles/c86d9v28qxxo?at_medium=RSS&at_campaign=rss
2026-05-24T09:42:21.463Z,2026-04-18T23:02:48.000Z,BBC - Business,Scammers are becoming ever more sophisticated - this is what the fightback looks like,none,0,,,,,,,,https://www.bbc.com/news/articles/cj60pl5g4z4o?at_medium=RSS&at_campaign=rss
2026-05-24T09:42:21.463Z,2026-03-28T06:30:45.000Z,BBC - Business,The £5.30 orange juice that tells the story of why supermarket prices are sky high,none,0,,,,,,,,https://www.bbc.com/news/articles/c397n3jl3z8o?at_medium=RSS&at_campaign=rss
2026-05-24T09:42:21.463Z,2026-03-26T00:41:16.000Z,BBC - Business,Prepare for turbulence - how a prolonged Middle East conflict could reshape how we fly,none,0,,,,,,,,https://www.bbc.com/news/articles/cn08x9lw0pzo?at_medium=RSS&at_campaign=rss
2026-05-24T09:42:21.464Z,2026-03-20T00:01:51.000Z,BBC - Business,Sir John Curtice: Why Labour's Brexit focus has shifted from Leavers to Remainers,none,0,,,,,,,,https://www.bbc.com/news/articles/c4gjn1d74jlo?at_medium=RSS&at_campaign=rss
2026-05-24T09:42:21.464Z,2026-05-23T09:37:23.000Z,BBC - Business,The Leeds designer outlet that's 15 miles from Leeds,none,0,,,,,,,,https://www.bbc.com/news/videos/c707n28z3xjo?at_medium=RSS&at_campaign=rss
2026-05-24T09:42:21.464Z,2026-05-22T14:06:11.000Z,BBC - Business,Why are unpaid debt court cases rising?,none,0,,,,,,,,https://www.bbc.com/videos/c86dy4448x4o?at_medium=RSS&at_campaign=rss
2026-05-24T09:42:21.464Z,2026-05-22T10:45:38.000Z,BBC - Business,Why thousands of stock trades tied to Trump are raising eyebrows,none,0,,,,,,,,https://www.bbc.com/news/videos/cd6pzg7z319o?at_medium=RSS&at_campaign=rss
2026-05-24T09:42:21.465Z,2026-05-22T07:51:04.000Z,BBC - Business,"Laura Pomfret - CCJs, decrees and unpaid court debts",none,0,,,,,,,,https://www.bbc.com/articles/cvgz58g1q2jo?at_medium=RSS&at_campaign=rss
2026-05-24T09:42:21.465Z,2026-05-22T06:55:03.000Z,BBC - Business,Jailed tycoon's Birkin bags sell for over half a million dollars,none,0,,,,,,,,https://www.bbc.com/news/videos/c8e8gp4zdk7o?at_medium=RSS&at_campaign=rss
2026-05-24T09:42:21.466Z,2026-05-24T06:15:32.000Z,BBC - World News,Suspect killed after opening fire on Secret Service near White House,none,0,,,,,,,,https://www.bbc.com/news/articles/cjwp82ye4y3o?at_medium=RSS&at_campaign=rss
2026-05-24T09:42:21.466Z,2026-05-23T23:34:33.000Z,BBC - World News,Rosenberg: Luhansk strike sparks Russian accusations and vow to retaliate,none,0,,,,,,,,https://www.bbc.com/news/articles/cvgz05jyrrpo?at_medium=RSS&at_campaign=rss
2026-05-24T09:42:21.467Z,2026-05-24T08:22:58.000Z,BBC - World News,Large-scale Russian attack on Ukraine leaves four dead and dozens injured,none,0,,,,,,,,https://www.bbc.com/news/articles/clyp6831yp5o?at_medium=RSS&at_campaign=rss
2026-05-24T09:42:21.467Z,2026-05-24T07:12:37.000Z,BBC - World News,Man killed in shark attack off Australia's north-east coast,none,0,,,,,,,,https://www.bbc.com/news/articles/cn9pq5l2d14o?at_medium=RSS&at_campaign=rss
2026-05-24T09:42:21.467Z,2026-05-24T09:08:31.000Z,BBC - World News,Blast targeting train kills at least 20 in Pakistan,none,0,,,,,,,,https://www.bbc.com/news/articles/cm2pkd58xldo?at_medium=RSS&at_campaign=rss
2026-05-24T09:42:21.467Z,2026-05-23T20:07:01.000Z,BBC - World News,California declares emergency as fire crews race to contain toxic leak,none,0,,,,,,,,https://www.bbc.com/news/articles/c3w2l249j8go?at_medium=RSS&at_campaign=rss
2026-05-24T09:42:21.467Z,2026-05-24T03:18:38.000Z,BBC - World News,At least 82 killed in Chinese coal mine explosion,none,0,,,,,,,,https://www.bbc.com/news/articles/c5y0ve18qlko?at_medium=RSS&at_campaign=rss
2026-05-24T09:42:21.468Z,2026-05-23T19:55:16.000Z,BBC - World News,Red Cross volunteers die from suspected Ebola in DR Congo,medium,0.67,Disease Outbreak / Pandemic,outbreak,pharma_vaccines|remote_work_tech|delivery|diagnostics,airlines|leisure_travel|live_events|in_person_retail,PFE|MRNA|ZM|DOCU|AMZN,DAL|BKNG|MAR|CCL|AMC,,https://www.bbc.com/news/articles/c759knxln0wo?at_medium=RSS&at_campaign=rss
2026-05-24T09:42:21.468Z,2026-05-23T14:24:48.000Z,BBC - World News,French mum and partner held until trial after sons abandoned by road in Portugal,none,0,,,,,,,,https://www.bbc.com/news/articles/cq5p75l7n17o?at_medium=RSS&at_campaign=rss
2026-05-24T09:42:21.468Z,2026-05-23T15:33:20.000Z,BBC - World News,F1 great Prost 'injured as masked gang raid home',none,0,,,,,,,,https://www.bbc.com/sport/formula1/articles/clyp65zpxe0o?at_medium=RSS&at_campaign=rss
2026-05-24T09:42:21.469Z,2026-05-23T17:33:30.000Z,BBC - World News,"Nascar champion Kyle Busch died of pneumonia and sepsis, family says",none,0,,,,,,,,https://www.bbc.com/news/articles/ceqpwx5741no?at_medium=RSS&at_campaign=rss
2026-05-24T09:42:21.469Z,2026-05-23T11:55:39.000Z,BBC - World News,Rubio meets Modi during India visit with energy high on agenda,medium,0.65,Armed Conflict / War,war,defense|energy_oil|precious_metals|cybersecurity,airlines|leisure_travel|consumer_discretionary,LMT|RTX|NOC|XOM|CVX|GLD|PANW,DAL|UAL|BKNG|CCL,,https://www.bbc.com/news/articles/c87qrwyyrn2o?at_medium=RSS&at_campaign=rss
2026-05-24T09:42:21.476Z,2026-05-24T01:18:31.000Z,BBC - World News,Trump says Iran deal 'largely negotiated' including reopening Strait of Hormuz,none,0,,,,,,,,https://www.bbc.com/news/articles/crmp121z3z8o?at_medium=RSS&at_campaign=rss
2026-05-24T09:42:21.476Z,2026-05-23T14:06:12.000Z,BBC - World News,Putin vows retaliation after accusing Ukraine of hitting student dormitory,none,0,,,,,,,,https://www.bbc.com/news/articles/c5y74lwx395o?at_medium=RSS&at_campaign=rss
2026-05-24T09:42:21.477Z,2026-05-23T11:36:09.000Z,BBC - World News,Senegal's president sacks PM and former ally after months-long feud,none,0,,,,,,,,https://www.bbc.com/news/articles/c202jwpd24go?at_medium=RSS&at_campaign=rss
2026-05-24T09:42:21.478Z,2026-05-23T08:10:51.000Z,BBC - World News,Gaza flotilla activists allege abuse by Israeli forces while detained,none,0,,,,,,,,https://www.bbc.com/news/articles/cglp5z63k9no?at_medium=RSS&at_campaign=rss
2026-05-24T09:42:21.478Z,2026-05-23T15:25:39.000Z,BBC - World News,India's parody 'cockroach party' claims website has been blocked,none,0,,,,,,,,https://www.bbc.com/news/articles/cddpq71866do?at_medium=RSS&at_campaign=rss
2026-05-24T09:42:21.479Z,2026-05-23T03:53:20.000Z,BBC - World News,SpaceX launches massive Starship V3 rocket on test flight,none,0,,,,,,,,https://www.bbc.com/news/articles/c62d65y16nno?at_medium=RSS&at_campaign=rss
2026-05-24T09:42:21.479Z,2026-05-23T08:14:10.000Z,BBC - World News,DR Congo players told to isolate before World Cup,medium,0.67,Disease Outbreak / Pandemic,outbreak,pharma_vaccines|remote_work_tech|delivery|diagnostics,airlines|leisure_travel|live_events|in_person_retail,PFE|MRNA|ZM|DOCU|AMZN,DAL|BKNG|MAR|CCL|AMC,,https://www.bbc.com/sport/football/articles/cpdp8geyqxeo?at_medium=RSS&at_campaign=rss
2026-05-24T09:42:21.479Z,2026-05-22T20:30:26.000Z,BBC - World News,Tulsi Gabbard to resign as US national intelligence director,none,0,,,,,,,,https://www.bbc.com/news/articles/cvgj2gkv1x1o?at_medium=RSS&at_campaign=rss
2026-05-24T09:42:21.479Z,2026-05-22T22:32:12.000Z,BBC - World News,US government releases UFO sighting reports - 'Orbs swarming in all directions',none,0,,,,,,,,https://www.bbc.com/news/articles/cn8pzzlyy66o?at_medium=RSS&at_campaign=rss
2026-05-24T09:42:21.483Z,2026-05-23T00:35:16.000Z,BBC - World News,One dead and dozens of firefighters injured in Staten Island shipyard explosion,none,0,,,,,,,,https://www.bbc.com/news/articles/c8r814xj8pro?at_medium=RSS&at_campaign=rss
2026-05-24T09:42:21.483Z,2026-05-22T17:54:11.000Z,BBC - World News,"Bodies of Italian divers did not have optimal equipment, says rescuer",none,0,,,,,,,,https://www.bbc.com/news/articles/c0l2j723nrxo?at_medium=RSS&at_campaign=rss
2026-05-24T09:42:21.484Z,2026-05-22T15:18:30.000Z,BBC - World News,Rubio tries to reassure Nato allies over US troop deployments,none,0,,,,,,,,https://www.bbc.com/news/articles/cedpz9669deo?at_medium=RSS&at_campaign=rss
2026-05-24T09:42:21.484Z,2026-05-22T20:59:28.000Z,BBC - World News,Carney says Alberta is 'essential' to Canada as province plans vote on separation ,none,0,,,,,,,,https://www.bbc.com/news/articles/cy42w778e72o?at_medium=RSS&at_campaign=rss
2026-05-24T09:42:21.484Z,2026-05-22T21:47:47.000Z,BBC - World News,Judge dismisses criminal case against Kilmar Abrego Garcia,none,0,,,,,,,,https://www.bbc.com/news/articles/cx21r04wg8qo?at_medium=RSS&at_campaign=rss
2026-05-24T09:42:21.484Z,2026-05-23T23:24:03.000Z,BBC - World News,"I survived a missile strike in the Strait of Hormuz, but my friend has not been found",high,0.7,Armed Conflict / War,war|missile strike,defense|energy_oil|precious_metals|cybersecurity,airlines|leisure_travel|consumer_discretionary,LMT|RTX|NOC|XOM|CVX|GLD|PANW,DAL|UAL|BKNG|CCL,,https://www.bbc.com/news/articles/ce8pn63q771o?at_medium=RSS&at_campaign=rss
2026-05-24T09:42:21.484Z,2026-05-24T04:46:07.000Z,BBC - World News,It's like the Olympics - except steroids are allowed,none,0,,,,,,,,https://www.bbc.com/news/articles/cedpz1zqp8po?at_medium=RSS&at_campaign=rss
2026-05-24T09:42:21.485Z,2026-05-23T23:44:22.000Z,BBC - World News,"In Japan, divorce splits parents from children. Could a law change end sole custody?",none,0,,,,,,,,https://www.bbc.com/news/articles/clyp15g9nk4o?at_medium=RSS&at_campaign=rss
2026-05-24T09:42:21.485Z,2026-05-23T23:55:13.000Z,BBC - World News,East Africa wants to curb imports of used clothes. But it's not easy,none,0,,,,,,,,https://www.bbc.com/news/articles/c2l2k5pxrgdo?at_medium=RSS&at_campaign=rss
2026-05-24T09:42:21.486Z,2026-05-22T23:07:41.000Z,BBC - World News,"'Speed, money and compassion' - lessons from an Ebola survivor and other experts",high,0.73,Disease Outbreak / Pandemic,outbreak|epidemic,pharma_vaccines|remote_work_tech|delivery|diagnostics,airlines|leisure_travel|live_events|in_person_retail,PFE|MRNA|ZM|DOCU|AMZN,DAL|BKNG|MAR|CCL|AMC,,https://www.bbc.com/news/articles/cj3p2rdx0l8o?at_medium=RSS&at_campaign=rss
2026-05-24T09:42:21.486Z,2026-05-22T23:07:55.000Z,BBC - World News,Race for French presidency sees ex-PM Philippe as early favourite to beat populists,none,0,,,,,,,,https://www.bbc.com/news/articles/c4g0410gnv5o?at_medium=RSS&at_campaign=rss
2026-05-24T09:42:21.487Z,2026-05-22T23:42:07.000Z,BBC - World News,The space race to create gym equipment for future astronauts,none,0,,,,,,,,https://www.bbc.com/news/articles/cg4pe6dl03ro?at_medium=RSS&at_campaign=rss
2026-05-24T09:42:21.487Z,2026-05-22T18:33:36.000Z,BBC - World News,Trump is putting pressure on Cuba - why and to what end?,none,0,,,,,,,,https://www.bbc.com/news/articles/c5yrkl96xwvo?at_medium=RSS&at_campaign=rss
2026-05-24T09:42:21.487Z,2026-05-22T11:41:23.000Z,BBC - World News,An Indian bride dies. Rival claims of murder and suicide set off media frenzy,none,0,,,,,,,,https://www.bbc.com/news/articles/czd2q140my1o?at_medium=RSS&at_campaign=rss
2026-05-24T09:42:21.487Z,2026-05-21T14:37:29.000Z,BBC - World News,Iran steps up claim to control Strait of Hormuz,none,0,,,,,,,,https://www.bbc.com/news/articles/cq5py64gvwzo?at_medium=RSS&at_campaign=rss
2026-05-24T09:42:21.487Z,2026-05-22T01:37:02.000Z,BBC - World News,'No means no': Greenlanders protest against Trump outside new US consulate,none,0,,,,,,,,https://www.bbc.com/news/articles/cwy2gxvnq1zo?at_medium=RSS&at_campaign=rss
2026-05-24T09:42:21.488Z,2026-05-23T13:31:38.000Z,BBC - World News,"Watch: Pitches, PlayStations and protein ice cream - A look inside Brazil's World Cup base camp",none,0,,,,,,,,https://www.bbc.com/news/videos/c2l2rgeyjnwo?at_medium=RSS&at_campaign=rss
2026-05-24T09:42:21.488Z,2026-05-23T03:03:12.000Z,BBC - World News,Moment SpaceX rocket explodes in the Indian Ocean after splashdown,none,0,,,,,,,,https://www.bbc.com/news/videos/c1728ypp15no?at_medium=RSS&at_campaign=rss
2026-05-24T09:42:21.488Z,2026-05-22T10:45:38.000Z,BBC - World News,Why thousands of stock trades tied to Trump are raising eyebrows,none,0,,,,,,,,https://www.bbc.com/news/videos/cd6pzg7z319o?at_medium=RSS&at_campaign=rss
2026-05-24T09:42:21.488Z,2026-05-22T10:45:27.000Z,BBC - World News,Timelapse footage shows 'giant cave' inflating on Paris bridge,none,0,,,,,,,,https://www.bbc.com/news/videos/cx214kxw2y4o?at_medium=RSS&at_campaign=rss
2026-05-24T09:42:21.488Z,2026-05-21T20:52:52.000Z,BBC - World News,How Cuban-Americans feel about Raúl Castro's indictment,none,0,,,,,,,,https://www.bbc.com/news/videos/cy92ge22298o?at_medium=RSS&at_campaign=rss
2026-05-24T09:42:21.488Z,2026-05-22T00:52:53.000Z,BBC - World News,Fans react to Stephen Colbert’s final show,none,0,,,,,,,,https://www.bbc.com/news/videos/cvgz36rx755o?at_medium=RSS&at_campaign=rss
2026-05-24T09:42:21.488Z,2026-05-21T09:44:23.000Z,BBC - World News,Watch: 'Everybody back up!' Moment car explodes in NYC,none,0,,,,,,,,https://www.bbc.com/news/videos/cj3pvglp3vzo?at_medium=RSS&at_campaign=rss
2026-05-24T09:42:21.488Z,2026-05-23T12:32:36.000Z,CNBC - Top News,Americans are feeling inflation's pinch into the holiday weekend. Here's where prices are rising the most,none,0,,,,,,,,https://www.cnbc.com/2026/05/23/memorial-day-weekend-prices-inflation-war.html
2026-05-24T09:42:21.489Z,2026-05-24T08:27:31.000Z,CNBC - Top News,"Trump says Iran deal reopening Strait of Hormuz 'largely negotiated,' will be announced soon",none,0,,,,,,,,https://www.cnbc.com/2026/05/23/us-iran-war-talks.html
2026-05-24T09:42:21.489Z,2026-05-24T01:40:06.000Z,CNBC - Top News,"Suspect dead after opening fire near White House security checkpoint, Secret Service says",none,0,,,,,,,,https://www.cnbc.com/2026/05/23/reports-of-shots-fired-near-white-house.html
2026-05-24T09:42:21.490Z,2026-05-24T09:19:17.000Z,CNBC - Top News,The Middle East war is testing the Gulf's ambitions to become an AI hub,medium,0.63,Armed Conflict / War,war,defense|energy_oil|precious_metals|cybersecurity,airlines|leisure_travel|consumer_discretionary,LMT|RTX|NOC|XOM|CVX|GLD|PANW,DAL|UAL|BKNG|CCL,,https://www.cnbc.com/2026/05/24/middle-east-war-testing-gulfs-ambitions-to-become-ai-hub.html
2026-05-24T09:42:21.493Z,2026-05-23T12:36:25.000Z,CNBC - Top News,"Stock market returns are often subpar after a strong 3-year streak, history shows",none,0,,,,,,,,https://www.cnbc.com/2026/05/23/stock-market-returns-are-often-subpar-after-a-strong-3-year-streak-history-shows.html
2026-05-24T09:42:21.493Z,2026-05-23T22:42:12.000Z,CNBC - Top News,"California chemical tank near Disneyland at risk of exploding, 40,000 residents are ordered to evacuate",none,0,,,,,,,,https://www.cnbc.com/2026/05/23/california-chemical-tank-at-risk-of-exploding-40000-ordered-to-evacuate.html
2026-05-24T09:42:21.493Z,2026-05-23T14:01:03.000Z,CNBC - Top News,"Spirit's collapse, high fuel prices test limits of summer vacation spending",none,0,,,,,,,,https://www.cnbc.com/2026/05/23/summer-travel-gas-airfare.html
2026-05-24T09:42:21.494Z,2026-05-23T12:38:34.000Z,CNBC - Top News,Nvidia says its forecast for $200 billion CPU market includes China,none,0,,,,,,,,https://www.cnbc.com/2026/05/23/nvidia-forecast-for-200-billion-cpu-market-includes-china.html
2026-05-24T09:42:21.494Z,2026-05-23T17:38:07.000Z,CNBC - Top News,Stephen Colbert returns to TV in appearance on local Michigan station,none,0,,,,,,,,https://www.cnbc.com/2026/05/23/stephen-colbert-returns-to-tv-on-local-michigan-station.html
2026-05-24T09:42:21.494Z,2026-05-23T12:41:12.000Z,CNBC - Top News,"These stocks have plenty of upside as June approaches, Bank of America says",none,0,,,,,,,,https://www.cnbc.com/2026/05/23/bank-of-america-says-these-stocks-have-major-upside-heading-into-june.html
2026-05-24T09:42:21.495Z,2026-05-23T12:00:01.000Z,CNBC - Top News,‘Blue dot fever’? What's really behind a tricky summer dynamic for live music,none,0,,,,,,,,https://www.cnbc.com/2026/05/23/concert-ticket-prices-live-music-demand.html
2026-05-24T09:42:21.495Z,2026-05-22T22:42:23.000Z,CNBC - Top News,Disney's 'Star Wars: The Mandalorian and Grogu' tallies lowest Thursday preview sales in franchise history,none,0,,,,,,,,https://www.cnbc.com/2026/05/22/disneys-star-wars-the-mandalorian-and-grogu-box-office-preview.html
2026-05-24T09:42:21.498Z,2026-05-23T11:01:17.000Z,CNBC - Top News,Magnitude 6 earthquake strikes Hawaii’s Big Island; USGS assessing Kilauea volcano,medium,0.62,Natural Disaster,earthquake|magnitude,reinsurance|building_materials|utilities_repair,insurance_property|hospitality_regional,RNR|RGA|HD|LOW,TRV|ALL,,https://www.cnbc.com/2026/05/23/hawaii-earthquake.html
2026-05-24T09:42:21.498Z,2026-05-23T16:36:20.000Z,CNBC - Top News,"Kyle Busch died after severe pneumonia progressed into sepsis, his family says",none,0,,,,,,,,https://www.cnbc.com/2026/05/23/kyle-busch-died-after-severe-pneumonia-progressed-into-sepsis-his-family-says.html
2026-05-24T09:42:21.498Z,2026-05-22T16:14:42.000Z,CNBC - Top News,"Here's the case for 9,000 on the S&P 500 by the middle of next year, according to JPMorgan",none,0,,,,,,,,https://www.cnbc.com/2026/05/22/heres-the-case-for-9000-in-the-sp-500-by-the-middle-of-next-year-according-to-jpmorgan.html
2026-05-24T09:42:21.498Z,2026-05-23T16:07:43.000Z,CNBC - Top News,"U.S. adds Atlanta area airport for Ebola screening, CDC says",none,0,,,,,,,,https://www.cnbc.com/2026/05/23/us-adds-atlanta-area-airport-for-ebola-screening-cdc-says.html
2026-05-24T09:42:21.499Z,2026-05-23T13:30:01.000Z,CNBC - Top News,"Millennials spend $252 on an average date, BMO finds — and social media is spiraling over 'date-flation'",none,0,,,,,,,,https://www.cnbc.com/2026/05/23/date-flation-average-millennial-date-costs-252.html
2026-05-24T09:42:21.499Z,2026-05-23T20:42:21.000Z,CNBC - Top News,"'Fjord,' Norway-set drama about political polarization, wins Palme d’Or at Cannes",none,0,,,,,,,,https://www.cnbc.com/2026/05/23/cannes-film-festival-fjord-wins-palme-dor.html
2026-05-24T09:42:21.499Z,2026-05-23T11:19:52.000Z,CNBC - Top News,Three signs from APEC that the U.S. and China remain far apart on trade,none,0,,,,,,,,https://www.cnbc.com/2026/05/23/three-signs-from-apec-that-the-us-china-remain-far-apart-on-trade.html
2026-05-24T09:42:21.500Z,2026-05-23T12:59:47.000Z,CNBC - Top News,Lingering mysteries from Berkshire's portfolio update,none,0,,,,,,,,https://www.cnbc.com/2026/05/23/lingering-mysteries-from-berkshires-portfolio-update.html
2026-05-24T09:42:21.500Z,2026-05-23T17:21:36.000Z,CNBC - Top News,Bulls push the S&P 500 back near records — here’s what drove the market last week,none,0,,,,,,,,https://www.cnbc.com/2026/05/23/bulls-push-sp-500-back-near-records-what-drove-the-market-last-week.html
2026-05-24T09:42:21.500Z,2026-05-22T11:47:01.000Z,CNBC - Top News,What is a tax relief company?,none,0,,,,,,,,https://www.cnbc.com/select/what-is-tax-relief-company/
2026-05-24T09:42:21.501Z,2026-05-23T01:28:52.000Z,CNBC - Top News,SpaceX launches Starship test flight on second try ,none,0,,,,,,,,https://www.cnbc.com/2026/05/22/spacex-prepares-another-attempt-at-starship-launch-after-prior-scrub.html
2026-05-24T09:42:21.502Z,2026-05-23T15:27:15.000Z,CNBC - Top News,Delivery Hero confirms takeover offer from Uber,none,0,,,,,,,,https://www.cnbc.com/2026/05/23/delivery-hero-confirms-takeover-offer-from-uber.html
2026-05-24T09:42:21.505Z,2026-05-23T13:00:01.000Z,CNBC - Top News,Microsoft’s new responsible tech lead on how to humanize high-speed AI development,none,0,,,,,,,,https://www.cnbc.com/2026/05/23/microsofts-new-responsible-tech-lead-on-high-speed-ai-development.html
2026-05-24T09:42:21.505Z,2026-05-22T21:02:52.000Z,CNBC - Top News,New lawsuits against Trump's DOJ 'lawfare' fund ,none,0,,,,,,,,https://www.cnbc.com/2026/05/22/trump-doj-fund-republicans.html
2026-05-24T09:42:21.505Z,2026-05-22T22:05:04.000Z,CNBC - Top News,Tulsi Gabbard resigning as Trump's intelligence chief,none,0,,,,,,,,https://www.cnbc.com/2026/05/22/tulsi-gabbard-resigns-intelligence-trump-husband.html
2026-05-24T09:42:21.505Z,2026-05-22T18:23:49.000Z,CNBC - Top News,Kevin Warsh's real Fed 'regime change' may happen deep inside Wall Street's plumbing,medium,0.58,Election / Political Transition,regime change,depends_on_winner_policy,depends_on_winner_policy,,,,https://www.cnbc.com/2026/05/22/kevin-warshs-real-fed-regime-change-may-happen-deep-inside-wall-streets-plumbing.html
2026-05-24T09:42:21.506Z,2026-05-22T20:25:20.000Z,CNBC - Top News,Dow adds nearly 300 points Friday for new record close; S&P 500 notches eighth winning week: Live updates,none,0,,,,,,,,https://www.cnbc.com/2026/05/21/stock-market-today-live-updates.html
2026-05-24T09:42:21.506Z,2026-05-22T11:51:23.000Z,CNBC - Top News,Donald Trump Jr.-backed 'Steroid Olympics' are happening on Sunday. Here's what to expect,none,0,,,,,,,,https://www.cnbc.com/2026/05/22/enhanced-games-performance-enhancing-drugs.html
2026-05-24T09:42:21.506Z,2026-05-23T18:31:00.000Z,MarketWatch - Top Stories,This bond strategy can protect your portfolio even if interest rates go up,none,0,,,,,,,,https://www.marketwatch.com/story/this-bond-strategy-can-protect-your-portfolio-even-if-interest-rates-go-up-9e9418cb?mod=mw_rss_topstories
2026-05-24T09:42:21.508Z,2026-05-23T18:17:00.000Z,MarketWatch - Top Stories,Nvidia can deliver chips — but it can’t buy Big Tech out of its credit and power-grid crisis,medium,0.68,Armed Conflict / War,war,defense|energy_oil|precious_metals|cybersecurity,airlines|leisure_travel|consumer_discretionary,LMT|RTX|NOC|XOM|CVX|GLD|PANW,DAL|UAL|BKNG|CCL,,https://www.marketwatch.com/story/nvidia-can-deliver-chips-but-it-cant-buy-big-tech-out-of-its-credit-and-power-grid-crisis-9c114e62?mod=mw_rss_topstories
2026-05-24T09:42:21.509Z,2026-05-23T18:13:00.000Z,MarketWatch - Top Stories,Kevin Warsh walks into a trap where the Fed can’t cut rates even if it wants to,none,0,,,,,,,,https://www.marketwatch.com/story/kevin-warsh-walks-into-a-trap-where-the-fed-cant-cut-rates-even-if-it-wants-to-8475e97c?mod=mw_rss_topstories
2026-05-24T09:42:21.509Z,2026-05-23T17:58:00.000Z,MarketWatch - Top Stories,Your bond portfolio is facing a ‘termite’ infestation far worse than Jamie Dimon’s ‘cockroaches’,none,0,,,,,,,,https://www.marketwatch.com/story/credit-termites-are-lurking-in-the-bond-market-and-eating-away-at-your-portfolio-3f6be6e9?mod=mw_rss_topstories
2026-05-24T09:42:21.509Z,2026-05-23T17:44:00.000Z,MarketWatch - Top Stories,The surprising cost of caring for aging parents: Divorce,none,0,,,,,,,,https://www.marketwatch.com/story/the-surprising-cost-of-caring-for-aging-parents-divorce-2ff83fce?mod=mw_rss_topstories
2026-05-24T09:42:21.510Z,2026-05-23T16:52:00.000Z,MarketWatch - Top Stories,These 4 market sectors look frothy — and Nvidia’s isn’t even the biggest bubble,none,0,,,,,,,,https://www.marketwatch.com/story/these-4-market-sectors-look-frothy-and-nvidias-isnt-even-the-biggest-bubble-d740acf7?mod=mw_rss_topstories
2026-05-24T09:42:21.510Z,2026-05-23T16:30:00.000Z,MarketWatch - Top Stories,"‘It will not bring you happiness’: I have advice for your single, childless 62-year-old multimillionaire reader",none,0,,,,,,,,https://www.marketwatch.com/story/it-will-not-bring-you-happiness-i-have-advice-for-your-single-childless-62-year-old-multimillionaire-reader-1cb6a09f?mod=mw_rss_topstories
2026-05-24T09:42:21.511Z,2026-05-23T16:21:00.000Z,MarketWatch - Top Stories,"I’m 66 and have $85,000 in my HSA. When should I start spending it?",none,0,,,,,,,,https://www.marketwatch.com/story/im-66-and-have-85-000-in-my-hsa-should-i-spend-it-all-by-a-certain-age-66939bd9?mod=mw_rss_topstories
2026-05-24T09:42:21.511Z,2026-05-23T15:56:00.000Z,MarketWatch - Top Stories,"I almost fell for a scammer. This one rule saved me — and could help you, too.",none,0,,,,,,,,https://www.marketwatch.com/story/i-almost-fell-for-scammer-this-one-rule-saved-me-and-could-help-you-too-8c3bcf78?mod=mw_rss_topstories
2026-05-24T09:42:21.511Z,2026-05-23T15:33:00.000Z,MarketWatch - Top Stories,‘Buffett Indicator’ warns of a market top — 8 crucial signs that stocks are running on fumes,medium,0.6,Oil / Energy Supply Disruption,energy crisis,energy_oil|energy_services|renewables_long_term,airlines|trucking|chemicals,XLE|XOM|CVX|OXY|ICLN,DAL|UAL|FDX,,https://www.marketwatch.com/story/buffett-indicator-warns-of-a-market-top-8-crucial-signs-that-stocks-are-running-on-fumes-12e4b4d8?mod=mw_rss_topstories
2026-05-24T09:42:21.511Z,2025-06-11T07:09:00.000Z,MarketWatch - Real-time Headlines,Elon Musk in a post on X says some of his Trump posts ‘went too far’ and that he regrets them,none,0,,,,,,,,https://www.marketwatch.com/story/elon-musk-in-a-post-on-x-says-some-of-his-trump-posts-went-too-far-and-that-he-regrets-them-90e73a6a?mod=mw_rss_realtimeheadlines
2026-05-24T09:42:21.511Z,2025-05-06T11:59:00.000Z,MarketWatch - Real-time Headlines,"Bank of England decision on Thursday will be at 12:02 p.m. local time instead of 12 p.m., due to VE Day’s two minutes of silence",none,0,,,,,,,,https://www.marketwatch.com/story/bank-of-england-decision-on-thursday-will-be-at-12-02-p-m-local-time-instead-of-12-p-m-due-to-ve-day-two-minutes-of-silence-1f6bed66?mod=mw_rss_realtimeheadlines
2026-05-24T09:42:21.512Z,2024-12-12T08:32:00.000Z,MarketWatch - Real-time Headlines,Swiss National Bank cuts interest rates by a half point to 0.5%,medium,0.64,Interest Rate Cut,cuts interest,real_estate|growth_tech|small_caps|long_duration_bonds,banks_nim_sensitive|us_dollar,QQQ|VNQ|IWM|TLT,KRE|UUP,,https://www.marketwatch.com/story/swiss-national-bank-cuts-interest-rates-by-a-half-point-to-0-5-ed1fce78?mod=mw_rss_realtimeheadlines
2026-05-24T09:42:21.513Z,2024-12-12T08:32:00.000Z,MarketWatch - Real-time Headlines,Dollar jumps 0.5% to 0.8890 francs,none,0,,,,,,,,https://www.marketwatch.com/story/dollar-jumps-0-5-to-0-8890-francs-047c6b4d?mod=mw_rss_realtimeheadlines
2026-05-24T09:42:21.513Z,2024-11-22T08:34:00.000Z,MarketWatch - Real-time Headlines,Germany flash manufacturing PMI rises to 4-month high of 43.2,none,0,,,,,,,,https://www.marketwatch.com/story/germany-flash-manufacturing-pmi-rises-to-4-month-high-of-43-2-b9e50a64?mod=mw_rss_realtimeheadlines
2026-05-24T09:42:21.514Z,2024-11-22T08:34:00.000Z,MarketWatch - Real-time Headlines,Germany flash services PMI falls to 9-month low of 49.4,none,0,,,,,,,,https://www.marketwatch.com/story/germany-flash-services-pmi-falls-to-9-month-low-of-49-4-5e5d2763?mod=mw_rss_realtimeheadlines
2026-05-24T09:42:21.514Z,2024-07-31T18:48:00.000Z,MarketWatch - Real-time Headlines,Powell says labor market not a source of significant inflation pressure,none,0,,,,,,,,https://www.marketwatch.com/story/powell-says-labor-market-not-a-source-of-significant-inflation-pressure-cc3b1297?mod=mw_rss_realtimeheadlines
2026-05-24T09:42:21.514Z,2024-07-31T18:41:00.000Z,MarketWatch - Real-time Headlines,Fed’s Powell says rate cut ‘on the table’ as soon as September,medium,0.64,Interest Rate Cut,rate cut,real_estate|growth_tech|small_caps|long_duration_bonds,banks_nim_sensitive|us_dollar,QQQ|VNQ|IWM|TLT,KRE|UUP,,https://www.marketwatch.com/story/feds-powell-says-rate-cut-on-the-table-as-soon-as-september-f3f7c8f2?mod=mw_rss_realtimeheadlines
2026-05-24T09:42:21.514Z,2024-03-01T14:47:00.000Z,MarketWatch - Real-time Headlines,Final S&P U.S. manufacturing index is 52.2 in February vs. initial 51.5,none,0,,,,,,,,https://www.marketwatch.com/story/final-s-p-u-s-manufacturing-index-is-52-2-in-february-vs-initial-51-5-180b7107?mod=mw_rss_realtimeheadlines
2026-05-24T09:42:21.514Z,2024-02-27T12:40:00.000Z,MarketWatch - Real-time Headlines,Duolingo started at buy with $222 price target at Seaport,none,0,,,,,,,,https://www.marketwatch.com/story/duolingo-started-at-buy-with-222-price-target-at-seaport-f762126a?mod=mw_rss_realtimeheadlines
2026-05-24T09:42:21.515Z,2026-05-23T11:39:57.000Z,NPR - Economy,Economics expert Greg Ip analyses rising bond yields and their impact on the economy,none,0,,,,,,,,https://www.npr.org/2026/05/23/nx-s1-5830322/economics-expert-greg-ip-analyses-rising-bond-yields-and-their-impact-on-the-economy
2026-05-24T09:42:21.515Z,2026-05-23T10:00:00.000Z,NPR - Economy,Summer electric bills sizzle as the cost of cooling climbs,none,0,,,,,,,,https://www.npr.org/2026/05/23/nx-s1-5823767/summer-heat-electric-bills-cost
2026-05-24T09:42:21.515Z,2026-05-22T14:27:01.000Z,NPR - Economy,"Drive slower, go electric, don't drive at all? The best options for saving gas",none,0,,,,,,,,https://www.npr.org/2026/05/22/nx-s1-5831223/memorial-day-gas-prices-save-money-iran
2026-05-24T09:42:21.515Z,2026-05-21T22:29:46.000Z,NPR - Economy,Summer tourism forecast: Worried with few Canadians,none,0,,,,,,,,https://www.npr.org/2026/05/21/nx-s1-5815302/summer-tourism-forecast-worried-with-few-canadians
2026-05-24T09:42:21.515Z,2026-05-21T15:01:11.000Z,NPR - Economy,Walmart plans price cuts using tariff refunds as shoppers get skittish,medium,0.6,Tariffs / Trade Policy,tariffs,domestic_manufacturing|agriculture,multinational_tech|retail_imports|semiconductors,CAT|DE|X,AAPL|WMT|SOXX,,https://www.npr.org/2026/05/21/nx-s1-5829712/walmart-price-cuts-gas-tariff-refunds
2026-05-24T09:42:21.516Z,2026-05-20T21:27:56.000Z,NPR - Economy,Elon Musk's SpaceX IPO plans reveal blockbuster spending on rockets and AI,none,0,,,,,,,,https://www.npr.org/2026/05/20/nx-s1-5812731/elon-musk-spacex-ai-ipo
2026-05-24T09:42:21.516Z,2026-05-19T10:30:00.000Z,NPR - Economy,The missing men of the American marriage market,none,0,,,,,,,,https://www.npr.org/sections/planet-money/2026/05/19/g-s1-122695/the-missing-men-of-the-american-marriage-market
2026-05-24T09:42:21.517Z,2026-05-17T09:00:00.000Z,NPR - Economy,How a CEO and Trump donor is weaponizing tariffs against his rivals,medium,0.6,Tariffs / Trade Policy,tariffs,domestic_manufacturing|agriculture,multinational_tech|retail_imports|semiconductors,CAT|DE|X,AAPL|WMT|SOXX,,https://www.npr.org/2026/05/17/nx-s1-5726366/ceo-trump-donor-quartz-kitchen-countertop-tariffs
2026-05-24T09:42:21.518Z,2026-05-16T11:43:34.000Z,NPR - Economy,Economist Mark Blyth analyses the economy and path ahead for new Federal Reserve chair,none,0,,,,,,,,https://www.npr.org/2026/05/16/nx-s1-5821094/economist-mark-blyth-analyses-the-economy-and-path-ahead-for-new-federal-reserve-chair
2026-05-24T09:42:21.518Z,2026-05-15T09:00:00.000Z,NPR - Economy,"Gen Z homeowners? Yes, more in their 20s are managing to buy despite the odds",none,0,,,,,,,,https://www.npr.org/2026/05/15/nx-s1-5791499/gen-z-homeownership-increase
2026-05-24T09:42:21.519Z,2025-01-27T19:23:00.000Z,Wall Street Journal - World News,Palestinians Stream Back to Northern Gaza on Foot,none,0,,,,,,,,https://www.wsj.com/articles/palestinians-flock-back-to-northern-gaza-on-foot-after-hostage-release-breakthrough-3f60e2db
2026-05-24T09:42:21.520Z,2025-01-27T17:32:00.000Z,Wall Street Journal - World News,"Leading China Property Developer Reports Huge loss, in Sign of Widening Real-Estate Woes",none,0,,,,,,,,https://www.wsj.com/articles/even-chinas-property-stalwart-isnt-immune-from-the-crisis-19799863
2026-05-24T09:42:21.520Z,2025-01-27T17:12:00.000Z,Wall Street Journal - World News,Freed Israeli Hostages Still Had Shrapnel in Their Bodies From Oct. 7 Attack,none,0,,,,,,,,https://www.wsj.com/articles/freed-israeli-hostages-still-had-shrapnel-in-their-bodies-from-oct-7-attack-3de8cd1e
2026-05-24T09:42:21.520Z,2025-01-27T16:22:00.000Z,Wall Street Journal - World News,Suspected Sabotage of Deep-Sea Cable Triggers First NATO-Led Response,none,0,,,,,,,,https://www.wsj.com/articles/suspected-sabotage-of-deep-sea-cable-triggers-first-nato-led-response-337119ba
2026-05-24T09:42:21.521Z,2025-01-27T15:07:00.000Z,Wall Street Journal - World News,Rwanda-Backed Rebels Enter Congo's Safe-Haven City,none,0,,,,,,,,https://www.wsj.com/articles/rwanda-backed-rebels-enter-congo-safe-haven-city-aid-hub-09fdccb8
2026-05-24T09:42:21.521Z,2025-01-27T12:00:00.000Z,Wall Street Journal - World News,Cocaine-Funded Gangs Shake Colombia Years After Peace Pact,none,0,,,,,,,,https://www.wsj.com/articles/cocaine-funded-gangs-shake-colombia-years-after-peace-pact-a45a28da
2026-05-24T09:42:21.521Z,2025-01-27T10:34:00.000Z,Wall Street Journal - World News,"Italy Supports Saudi Arabia Joining Fighter-Jet Program, PM Meloni Says",none,0,,,,,,,,https://www.wsj.com/articles/italy-supports-saudi-arabia-joining-gcap-fighter-jet-program-pm-meloni-says-bbd9cec1
2026-05-24T09:42:21.521Z,2025-01-27T06:05:00.000Z,Wall Street Journal - World News,Shippers Wary of Red Sea Routes Despite Houthi Pledge to End Targeting,none,0,,,,,,,,https://www.wsj.com/articles/shippers-wary-of-red-sea-routes-despite-houthi-pledge-to-end-targeting-4dde35c2
2026-05-24T09:42:21.522Z,2025-01-27T06:05:00.000Z,Wall Street Journal - World News,Kim Jong Un Is Doing Everything He Can to Keep North Korea's Youth in Line,none,0,,,,,,,,https://www.wsj.com/articles/kim-jong-un-is-doing-everything-he-can-to-keep-north-koreas-youth-in-line-0866a1de
2026-05-24T09:42:21.522Z,2025-01-27T03:59:00.000Z,Wall Street Journal - World News,"Trump Says Colombia Will Accept Deportees, Ending Tariff Standoff",none,0,,,,,,,,https://www.wsj.com/articles/trump-says-colombia-will-face-25-tariffs-amid-fight-over-deportation-flights-e32dc497
2026-05-24T09:42:21.523Z,2025-01-27T03:53:00.000Z,Wall Street Journal - World News,Jeju Air Crash Probe Focuses On Engine Damage After Bird Strike,none,0,,,,,,,,https://www.wsj.com/articles/jeju-air-crash-probe-focuses-on-engine-damage-after-bird-strike-3bafc2ff
2026-05-24T09:42:21.523Z,2025-01-27T02:00:00.000Z,Wall Street Journal - World News,"Germany's Economic Model Is Broken, and No One Has a Plan B",none,0,,,,,,,,https://www.wsj.com/articles/germany-economic-model-broken-exports-095a488d
2026-05-24T09:42:21.524Z,2025-01-26T23:30:00.000Z,Wall Street Journal - World News,"Trump Says He Wants to 'Clean Out' Gaza, Send Refugees to Egypt and Jordan",medium,0.69,Armed Conflict / War,war,defense|energy_oil|precious_metals|cybersecurity,airlines|leisure_travel|consumer_discretionary,LMT|RTX|NOC|XOM|CVX|GLD|PANW,DAL|UAL|BKNG|CCL,,https://www.wsj.com/articles/trump-says-he-wants-to-clean-out-gaza-send-refugees-to-egypt-and-jordan-d90beccc
2026-05-24T09:42:21.524Z,2025-01-25T18:45:00.000Z,Wall Street Journal - World News,Hamas Releases Four Female Israeli Soldiers Under Gaza Cease-Fire Deal,medium,0.69,Armed Conflict / War,war,defense|energy_oil|precious_metals|cybersecurity,airlines|leisure_travel|consumer_discretionary,LMT|RTX|NOC|XOM|CVX|GLD|PANW,DAL|UAL|BKNG|CCL,,https://www.wsj.com/articles/israel-hamas-four-hostages-release-gaza-3ffd66f6
2026-05-24T09:42:21.524Z,2025-01-25T17:00:00.000Z,Wall Street Journal - World News,Hamas Took More Than 200 Hostages From Israel. Here's What We Know.,none,0,,,,,,,,https://www.wsj.com/articles/hamas-hostages-israel-gaza-41432124
2026-05-24T09:42:21.525Z,2025-01-25T14:32:00.000Z,Wall Street Journal - World News,U.N. and Congolese Troops Struggle to Halt Lightning Rebel Attack,none,0,,,,,,,,https://www.wsj.com/articles/u-n-and-congolese-troops-struggle-to-halt-lightning-rebel-attack-705b481c
2026-05-24T09:42:21.525Z,2025-01-25T11:57:00.000Z,Wall Street Journal - World News,Who Are the Israeli Hostages Released by Hamas?,none,0,,,,,,,,https://www.wsj.com/articles/who-israeli-hostages-released-hamas-gaza-efdfd57f
2026-05-24T09:42:21.525Z,2025-01-25T10:05:00.000Z,Wall Street Journal - World News,The Latest Gaza Hostages Freed: Women Whose Hamas Warnings Were Ignored,none,0,,,,,,,,https://www.wsj.com/articles/the-next-hostages-to-be-freed-women-whose-hamas-warnings-were-ignored-f17682a0
2026-05-24T09:42:21.525Z,2025-01-25T00:58:00.000Z,Wall Street Journal - World News,"Beijing Signals Readiness to Talk to Trump's Team, Even Old Foes",none,0,,,,,,,,https://www.wsj.com/articles/beijing-signals-readiness-to-talk-to-trumps-team-even-old-foes-2faddbec
2026-05-24T09:42:21.525Z,2025-01-24T22:56:00.000Z,Wall Street Journal - World News,"Canada Is Becoming a Fentanyl Exporter, and a Target for Trump",none,0,,,,,,,,https://www.wsj.com/articles/canada-fentanyl-increase-organized-crime-00886863
2026-05-24T09:42:21.525Z,2025-01-27T19:26:00.000Z,Wall Street Journal - Markets,Stocks Sink in Broad AI Rout Sparked by China's DeepSeek,none,0,,,,,,,,https://www.wsj.com/articles/nikkei-may-rise-as-weak-yen-raises-earnings-hopes-776a8056?mod=rss_markets_main
2026-05-24T09:42:21.525Z,2025-01-27T19:01:00.000Z,Wall Street Journal - Markets,"Comex Gold, Silver Settle Lower",none,0,,,,,,,,https://www.wsj.com/articles/gold-edges-lower-feds-rate-decision-in-focus-09dbfceb?mod=rss_markets_main
2026-05-24T09:42:21.526Z,2025-01-27T18:12:00.000Z,Wall Street Journal - Markets,DeepSeek Won't Sink U.S. AI Titans,none,0,,,,,,,,https://www.wsj.com/articles/deepseek-us-ai-stocks-nvidia-broadcom-6cdfae81?mod=rss_markets_main
2026-05-24T09:42:21.526Z,2025-01-27T17:27:00.000Z,Wall Street Journal - Markets,Financial Services Roundup: Market Talk,none,0,,,,,,,,https://www.wsj.com/articles/financial-services-roundup-market-talk-94f52cba?mod=rss_markets_main
2026-05-24T09:42:21.526Z,2025-01-27T17:20:00.000Z,Wall Street Journal - Markets,"Arabica Coffee Prices Hit Record on U.S., Colombia Tariff Spat",high,0.71,Economic Sanctions,sanctions,domestic_producers|precious_metals|alternative_payments,multinational_consumer|industrials_exposed,GLD|SLV|BTC-USD,KO|MCD|BA,,https://www.wsj.com/articles/arabica-coffee-prices-hit-new-high-on-u-s-colombia-tariff-spat-582446fe?mod=rss_markets_main
2026-05-24T09:42:21.526Z,2025-01-27T14:55:00.000Z,Wall Street Journal - Markets,"Swiss franc, Japanese yen Rise as DeepSeek News Boosts Safe Havens",none,0,,,,,,,,https://www.wsj.com/articles/safe-haven-currencies-strengthen-amid-fears-over-global-tariffs-9964e17a?mod=rss_markets_main
2026-05-24T09:42:21.526Z,2025-01-27T14:05:00.000Z,Wall Street Journal - Markets,Natural Gas Falls on Shifting Weather Forecasts,none,0,,,,,,,,https://www.wsj.com/articles/u-s-natural-gas-futures-fall-on-shifting-weather-forecasts-1ef3e457?mod=rss_markets_main
2026-05-24T09:42:21.526Z,2025-01-27T13:28:00.000Z,Wall Street Journal - Markets,Building-Products Distributor QXO Launches Hostile Bid for Beacon,none,0,,,,,,,,https://www.wsj.com/articles/building-products-distributor-qxo-launching-hostile-bid-for-beacon-de024410?mod=rss_markets_main
2026-05-24T09:42:21.527Z,2025-01-27T11:57:00.000Z,Wall Street Journal - Markets,Natural-Gas Firm Diversified Energy Strikes Deal for Permian Basin Player,none,0,,,,,,,,https://www.wsj.com/articles/natural-gas-firm-diversified-energy-nears-deal-for-permian-basin-player-4c1c5ff5?mod=rss_markets_main
2026-05-24T09:42:21.527Z,2025-01-27T10:30:00.000Z,Wall Street Journal - Markets,What's New This Tax Season That Can Save You Money,none,0,,,,,,,,https://www.wsj.com/articles/tax-season-2024-irs-filing-dates-explained-628a8b37?mod=rss_markets_main
2026-05-24T09:42:21.528Z,2025-01-27T10:30:00.000Z,Wall Street Journal - Markets,Chinese Investors With Few Options Turn to Dividends,none,0,,,,,,,,https://www.wsj.com/articles/chinese-investors-with-few-options-turn-to-dividends-ad31dcc4?mod=rss_markets_main
2026-05-24T09:42:21.528Z,2025-01-27T10:02:00.000Z,Wall Street Journal - Markets,U.S. Treasury Yields Fall But Direction for Long-End Yields Still Seen Upward,none,0,,,,,,,,https://www.wsj.com/articles/jgbs-consolidate-supported-by-u-s-treasurys-gains-7edccc7d?mod=rss_markets_main
2026-05-24T09:42:21.529Z,2025-01-27T09:46:00.000Z,Wall Street Journal - Markets,"Russia's Crude Exports Fairly Stable Despite U.S. Sanctions, Goldman Says",medium,0.66,Economic Sanctions,sanctions,domestic_producers|precious_metals|alternative_payments,multinational_consumer|industrials_exposed,GLD|SLV|BTC-USD,KO|MCD|BA,,https://www.wsj.com/articles/oil-futures-fall-after-trump-calls-for-tariffs-on-colombia-5b2a178c?mod=rss_markets_main
2026-05-24T09:42:21.529Z,2025-01-27T06:05:00.000Z,Wall Street Journal - Markets,The Extra Reward for Owning Stocks Over Bonds Has Disappeared,none,0,,,,,,,,https://www.wsj.com/articles/the-extra-reward-for-owning-stocks-over-bonds-has-disappeared-c3f9c223?mod=rss_markets_main
2026-05-24T09:42:21.529Z,2025-01-27T03:33:00.000Z,Wall Street Journal - Markets,Heard on the Street's Stock-Picking Series,none,0,,,,,,,,https://www.wsj.com/articles/heard-on-the-streets-stock-picking-series-98f04640?mod=rss_markets_main
2026-05-24T09:42:21.529Z,2025-01-26T11:00:00.000Z,Wall Street Journal - Markets,What Will It Take for Home Buyers to Start Asking for a Disaster Discount?,medium,0.62,Natural Disaster,flooding,reinsurance|building_materials|utilities_repair,insurance_property|hospitality_regional,RNR|RGA|HD|LOW,TRV|ALL,,https://www.wsj.com/articles/what-will-it-take-for-home-buyers-to-start-asking-for-a-disaster-discount-c662cb96?mod=rss_markets_main
2026-05-24T09:42:21.529Z,2025-01-26T10:30:00.000Z,Wall Street Journal - Markets,Now Wanted in Silicon Valley: Ho-Hum Businesses With Thin Profit Margins,none,0,,,,,,,,https://www.wsj.com/articles/now-wanted-in-silicon-valley-ho-hum-businesses-with-thin-profit-margins-ab07de5f?mod=rss_markets_main
2026-05-24T09:42:21.529Z,2025-01-26T05:01:00.000Z,Wall Street Journal - Markets,"In China, a Cat-and-Mouse Game to Rein In Crypto",none,0,,,,,,,,https://www.wsj.com/articles/china-cryptocurrency-market-trading-restrictions-3e050cd9?mod=rss_markets_main
2026-05-24T09:42:21.530Z,2025-01-26T02:00:00.000Z,Wall Street Journal - Markets,"One House, Three Owners: The Ballooning Cost of the American Dream",none,0,,,,,,,,https://www.wsj.com/articles/rising-house-mortgage-costs-north-carolina-home-468a46e5?mod=rss_markets_main
2026-05-24T09:42:21.530Z,2025-01-25T10:30:00.000Z,Wall Street Journal - Markets,Trump Adds Fuel to Claims That Big Banks Discriminate Against Conservatives,none,0,,,,,,,,https://www.wsj.com/articles/trump-big-bank-conservative-bias-accusations-168abb27?mod=rss_markets_main
2026-05-24T09:42:21.530Z,2026-05-23T03:33:00.000Z,Yahoo Finance - Top Stories,Another retail chain closing all stores after 33 years in business,none,0,,,,,,,,https://finance.yahoo.com/economy/articles/another-retail-chain-closing-stores-033300636.html
2026-05-24T09:42:21.530Z,2026-05-22T22:33:00.000Z,Yahoo Finance - Top Stories,Morgan Stanley resets PANW stock price target on demand trends,none,0,,,,,,,,https://finance.yahoo.com/markets/stocks/articles/morgan-stanley-resets-panw-stock-223300963.html
2026-05-24T09:42:21.530Z,2026-05-23T11:03:00.000Z,Yahoo Finance - Top Stories,Jamie Dimon has bad news for JPMorgan bankers,none,0,,,,,,,,https://finance.yahoo.com/markets/stocks/articles/jamie-dimon-bad-news-jpmorgan-110300291.html
2026-05-24T09:42:21.530Z,2026-05-23T04:49:30.000Z,Yahoo Finance - Top Stories,Is Circle Internet Group (CRCL) Among the Best ARK Stocks to Buy Right Now?,none,0,,,,,,,CRCL,https://finance.yahoo.com/markets/stocks/articles/circle-internet-group-crcl-among-044930085.html
2026-05-24T09:42:21.530Z,2026-05-23T04:49:17.000Z,Yahoo Finance - Top Stories,"Trump Praises Palantir (PLTR) on Truth Social after Buying the Company’s Stock, Records Show",none,0,,,,,,,PLTR,https://finance.yahoo.com/markets/stocks/articles/trump-praises-palantir-pltr-truth-044917332.html
2026-05-24T09:42:21.530Z,2026-05-23T04:49:38.000Z,Yahoo Finance - Top Stories,"Coinbase Global, Inc. (COIN) to Cut 14% of Workforce",none,0,,,,,,,COIN,https://finance.yahoo.com/markets/stocks/articles/coinbase-global-inc-coin-cut-044938217.html
2026-05-24T09:42:21.530Z,2026-05-23T04:48:56.000Z,Yahoo Finance - Top Stories,"Is Tesla, Inc. (TSLA) One of the Best ARK Stocks to Buy Right Now?",none,0,,,,,,,TSLA,https://finance.yahoo.com/markets/stocks/articles/tesla-inc-tsla-one-best-044856265.html
2026-05-24T09:42:21.530Z,2026-05-23T20:33:00.000Z,Yahoo Finance - Top Stories,Another pet supplies store operator files Chapter 11 bankruptcy,medium,0.56,Material Corporate Filing (8-K),bankruptcy,depends_on_filing,the_filing_company,,,,https://finance.yahoo.com/economy/articles/another-pet-supplies-store-operator-203300293.html
2026-05-24T09:42:21.534Z,2026-05-23T04:49:03.000Z,Yahoo Finance - Top Stories,CRISPR Therapeutics AG (CRSP) Reports Q1 2026 Results,none,0,,,,,,,CRSP,https://finance.yahoo.com/sectors/healthcare/articles/crispr-therapeutics-ag-crsp-reports-044903897.html
2026-05-24T09:42:21.534Z,2026-05-23T04:49:24.000Z,Yahoo Finance - Top Stories,"Tempus AI, Inc. (TEM) and Bristol Myers Announce a Strategic Partnership",none,0,,,,,,,TEM,https://finance.yahoo.com/sectors/healthcare/articles/tempus-ai-inc-tem-bristol-044924363.html
2026-05-24T09:42:21.535Z,2026-05-23T04:49:45.000Z,Yahoo Finance - Top Stories,"Morgan Stanley Increases Prices Target on Teradyne, Inc. (TER)",none,0,,,,,,,TER,https://finance.yahoo.com/markets/stocks/articles/morgan-stanley-increases-prices-target-044945796.html
2026-05-24T09:42:21.536Z,2026-05-23T04:49:09.000Z,Yahoo Finance - Top Stories,Kushner’s Thrive Capital Makes a $100M Investment in Shopify Inc. (SHOP),none,0,,,,,,,SHOP,https://finance.yahoo.com/markets/stocks/articles/kushner-thrive-capital-makes-100m-044909558.html
2026-05-24T09:42:21.536Z,2026-05-23T05:02:06.000Z,Yahoo Finance - Top Stories,"Euronet Worldwide Pitches Payments Platform Shift, Targets 10%-15% EPS Growth",none,0,,,,,,,,https://finance.yahoo.com/markets/stocks/articles/euronet-worldwide-pitches-payments-platform-050206330.html
2026-05-24T09:42:21.536Z,2026-05-23T04:50:00.000Z,Yahoo Finance - Top Stories,Twist Bioscience Corporation (TWST) Expands its Clonal Gene Offering to Include Long and Complex Sequences,none,0,,,,,,,TWST,https://finance.yahoo.com/sectors/healthcare/articles/twist-bioscience-corporation-twst-expands-045000080.html
2026-05-24T09:42:21.536Z,2026-05-23T04:49:52.000Z,Yahoo Finance - Top Stories,"Baird Maintains “Outperform Rating” on Roku, Inc. (ROKU)",none,0,,,,,,,ROKU,https://finance.yahoo.com/markets/stocks/articles/baird-maintains-outperform-rating-roku-044952217.html
2026-05-24T09:42:21.536Z,2026-05-23T08:43:18.000Z,Yahoo Finance - Top Stories,D-Wave Quantum (QBTS) Soars 14.2% on Govt Backing,none,0,,,,,,,QBTS,https://finance.yahoo.com/markets/stocks/articles/d-wave-quantum-qbts-soars-084318123.html
2026-05-24T09:42:21.536Z,2026-05-23T08:40:54.000Z,Yahoo Finance - Top Stories,"Redwire (RDW) Bags Million-Dollar Contracts, Soars 13.9%",none,0,,,,,,,RDW,https://finance.yahoo.com/markets/stocks/articles/redwire-rdw-bags-million-dollar-084054237.html
2026-05-24T09:42:21.536Z,2026-05-23T05:35:00.000Z,Yahoo Finance - Top Stories,Ilika advances Goliath commercialisation strategy - ICYMI,none,0,,,,,,,,https://finance.yahoo.com/sectors/technology/articles/ilika-advances-goliath-commercialisation-strategy-053500345.html
2026-05-24T09:42:21.536Z,2026-05-23T08:30:00.000Z,Yahoo Finance - Top Stories,He sued a Colorado police detective — and was just awarded $24 million. Here’s what happened,none,0,,,,,,,,https://finance.yahoo.com/sectors/healthcare/articles/sued-colorado-police-detective-just-083000364.html
2026-05-24T09:42:21.536Z,2026-05-23T09:00:00.000Z,Yahoo Finance - Top Stories,Visa says AI is supercharging scams: 'What once required deep technical skill can now be executed with a prompt',none,0,,,,,,,,https://finance.yahoo.com/sectors/technology/articles/visa-says-ai-supercharging-scams-090000526.html
2026-05-24T09:42:21.537Z,2026-05-23T08:22:43.000Z,Yahoo Finance - Top Stories,Applied Digital (APLD) Price Target Raised at Needham by $3,none,0,,,,,,,APLD,https://finance.yahoo.com/markets/stocks/articles/applied-digital-apld-price-target-082243851.html
2026-05-24T09:42:21.537Z,2026-05-23T08:22:42.000Z,Yahoo Finance - Top Stories,Jefferies Sees Core Scientific (CORZ) Well Positioned for AI Infrastructure Demand Growth,none,0,,,,,,,CORZ,https://finance.yahoo.com/markets/stocks/articles/jefferies-sees-core-scientific-corz-082242460.html
2026-05-24T09:42:21.538Z,2026-05-23T04:34:29.000Z,Yahoo Finance - Top Stories,US banks have proven AI works -scaling it is now the real test,none,0,,,,,,,,https://finance.yahoo.com/sectors/technology/articles/us-banks-proven-ai-works-043429124.html
2026-05-24T09:42:21.538Z,2026-05-23T08:22:40.000Z,Yahoo Finance - Top Stories,IREN (IREN) Expands Brand Push with Awaken Acquisition,none,0,,,,,,,IREN,https://finance.yahoo.com/markets/stocks/articles/iren-iren-expands-brand-push-082240297.html
2026-05-24T09:42:21.538Z,2026-05-23T08:22:50.000Z,Yahoo Finance - Top Stories,Roth Capital Reiterates T1 Energy (TE) Rating After Recent Debate,none,0,,,,,,,TE,https://finance.yahoo.com/sectors/energy/articles/roth-capital-reiterates-t1-energy-082250081.html
2026-05-24T09:42:21.539Z,2026-05-23T08:22:45.000Z,Yahoo Finance - Top Stories,Is Riot Platforms (RIOT) the Best Aschenbrenner Stock To Buy?,none,0,,,,,,,RIOT,https://finance.yahoo.com/markets/stocks/articles/riot-platforms-riot-best-aschenbrenner-082245149.html
2026-05-24T09:42:21.539Z,2026-05-23T08:22:38.000Z,Yahoo Finance - Top Stories,CoreWeave (CRWV): Top 10 Aschenbrenner Stocks To Buy,none,0,,,,,,,CRWV,https://finance.yahoo.com/markets/stocks/articles/coreweave-crwv-top-10-aschenbrenner-082238364.html
2026-05-24T09:42:21.539Z,2026-05-23T04:50:00.000Z,Yahoo Finance - Top Stories,The Worst Reason To Buy the SpaceX IPO,none,0,,,,,,,,https://finance.yahoo.com/markets/stocks/articles/worst-reason-buy-spacex-ipo-045000638.html
2026-05-24T09:42:21.539Z,2026-05-23T08:22:48.000Z,Yahoo Finance - Top Stories,Solaris Energy (SEI) Completes Major Financing as Expansion Plans Grow,none,0,,,,,,,SEI,https://finance.yahoo.com/sectors/energy/articles/solaris-energy-sei-completes-major-082248679.html
2026-05-24T09:42:21.539Z,2026-05-23T08:22:37.000Z,Yahoo Finance - Top Stories,Citi Turns More Bullish on Sandisk (SNDK) with PT Adjustments,none,0,,,,,,,SNDK,https://finance.yahoo.com/markets/stocks/articles/citi-turns-more-bullish-sandisk-082237061.html
2026-05-24T09:42:21.539Z,2026-05-23T08:22:47.000Z,Yahoo Finance - Top Stories,CleanSpark (CLSK) PT Raised at Keefe Bruyette – Here’s Why,none,0,,,,,,,CLSK,https://finance.yahoo.com/markets/stocks/articles/cleanspark-clsk-pt-raised-keefe-082247778.html
2026-05-24T09:42:21.540Z,2026-05-23T08:22:35.000Z,Yahoo Finance - Top Stories,Here is Why Bloom Energy (BE) Is Among the Best Aschenbrenner Stocks to Invest In,none,0,,,,,,,BE,https://finance.yahoo.com/markets/stocks/articles/why-bloom-energy-among-best-082235531.html
2026-05-24T09:42:21.540Z,2026-05-23T04:20:00.000Z,Yahoo Finance - Top Stories,My 2 Favorite Warren Buffett Stocks for May,none,0,,,,,,,,https://finance.yahoo.com/markets/stocks/articles/2-favorite-warren-buffett-stocks-042000944.html
2026-05-24T09:42:21.540Z,2026-05-23T09:06:41.000Z,Yahoo Finance - Top Stories,"HP Inc. (HPQ) Earnings, Dividends Loom, Shares Soar 15%",none,0,,,,,,,HPQ,https://finance.yahoo.com/markets/stocks/articles/hp-inc-hpq-earnings-dividends-090641706.html
2026-05-24T09:42:21.540Z,2026-05-23T09:09:31.000Z,Yahoo Finance - Top Stories,Firefly (FLY) Rockets 15% as Prospects for Space Sector ‘Rosy’,none,0,,,,,,,FLY,https://finance.yahoo.com/markets/stocks/articles/firefly-fly-rockets-15-prospects-090931676.html
2026-05-24T09:42:21.541Z,2026-05-23T09:12:07.000Z,Yahoo Finance - Top Stories,Lionsgate (LION) Hits All-Time High on Stellar Earnings,none,0,,,,,,,LION,https://finance.yahoo.com/markets/stocks/articles/lionsgate-lion-hits-time-high-091207954.html
2026-05-24T09:42:21.541Z,2026-05-23T09:14:20.000Z,Yahoo Finance - Top Stories,AXT Inc. (AXTI) Climbs to All-Time High Ahead of Investor Meeting,none,0,,,,,,,AXTI,https://finance.yahoo.com/markets/stocks/articles/axt-inc-axti-climbs-time-091420389.html
2026-05-24T09:42:21.542Z,2026-05-23T06:30:00.000Z,Yahoo Finance - Top Stories,2 Sectors Where the Ultra-Wealthy Are Putting Their Money,none,0,,,,,,,,https://www.barrons.com/articles/family-offices-direct-investment-wealthy-minerals-telecom-media-1c731832?siteid=yhoof2&yptr=yahoo
2026-05-24T09:42:21.542Z,2026-05-23T09:17:27.000Z,Yahoo Finance - Top Stories,AXT Inc. (AXTI) on All-Time High Ahead of Earnings Outcome on Thursday,none,0,,,,,,,AXTI,https://finance.yahoo.com/markets/stocks/articles/axt-inc-axti-time-high-091727418.html
2026-05-24T09:42:21.543Z,2026-05-23T09:21:38.000Z,Yahoo Finance - Top Stories,Rigetti Computing (RGTI) Soars 19.9% on $100M Govt Funding,none,0,,,,,,,RGTI,https://finance.yahoo.com/markets/stocks/articles/rigetti-computing-rgti-soars-19-092138393.html
2026-05-24T09:42:21.543Z,2026-05-23T09:23:19.000Z,Yahoo Finance - Top Stories,Navitas (NVTS) Soars 20% Ahead of Key Updates,none,0,,,,,,,NVTS,https://finance.yahoo.com/markets/stocks/articles/navitas-nvts-soars-20-ahead-092319255.html
2026-05-24T09:42:21.544Z,2026-05-23T02:32:02.000Z,Yahoo Finance - Top Stories,Is Baytex Energy (BTE) the Best Performing Canadian Stock So Far in 2026?,none,0,,,,,,,BTE,https://finance.yahoo.com/sectors/energy/articles/baytex-energy-bte-best-performing-023202831.html
2026-05-24T09:42:21.544Z,2026-05-23T06:05:00.000Z,Yahoo Finance - Top Stories,2 Dividend Stocks I'd Double My Position In Without Hesitation Right Now,none,0,,,,,,,,https://finance.yahoo.com/markets/stocks/articles/2-dividend-stocks-id-double-060500279.html
2026-05-24T09:42:21.544Z,2026-05-23T02:31:54.000Z,Yahoo Finance - Top Stories,RBC Capital Raises its Price Target on Enbridge (ENB),none,0,,,,,,,ENB,https://finance.yahoo.com/sectors/energy/articles/rbc-capital-raises-price-target-023154587.html
2026-05-24T09:42:21.545Z,2026-05-23T02:31:46.000Z,Yahoo Finance - Top Stories,Canaccord Maintains Buy Rating on Hudbay Minerals (HBM),none,0,,,,,,,HBM,https://finance.yahoo.com/markets/stocks/articles/canaccord-maintains-buy-rating-hudbay-023146534.html
2026-05-24T09:42:21.545Z,2026-05-23T02:31:38.000Z,Yahoo Finance - Top Stories,JPMorgan Raises its Price Target on Xenon Pharmaceuticals (XENE),none,0,,,,,,,XENE,https://finance.yahoo.com/markets/stocks/articles/jpmorgan-raises-price-target-xenon-023138082.html
2026-05-24T09:42:21.545Z,2026-05-23T02:31:29.000Z,Yahoo Finance - Top Stories,Scotiabank Raises its Price Target on Methanex (MEOH),none,0,,,,,,,MEOH,https://finance.yahoo.com/markets/stocks/articles/scotiabank-raises-price-target-methanex-023129069.html
2026-05-24T09:42:21.545Z,2026-05-23T06:02:16.000Z,Yahoo Finance - Top Stories,"Enlight Renewable Energy Targets AI Data Centers, $2.1B Revenue Run Rate by 2028",none,0,,,,,,,,https://finance.yahoo.com/sectors/energy/articles/enlight-renewable-energy-targets-ai-060216270.html